,MALNCHIL[1],MALNCHIL[5],MALNCHIL[6],MALNCHIL[7],MALNCHIL[8],MALNCHIL[9],MALNCHIL[10],MALNCHIL[11],MALNCHIL[12],MALNCHIL[13],MALNCHIL[14],MALNCHIL[15],MALNCHIL[16]
,WSSH Tool1,WSSH Tool1,WSSH Tool1,WSSH Tool1,WSSH Tool1,WSSH Tool1,WSSH Tool1,WSSH Tool1,WSSH Tool1,WSSH Tool1,WSSH Tool1,WSSH Tool1,WSSH Tool1
,,,,,,,,,,,,,
,,,,,,,,,,,,,
,Mil People,Mil People,Mil People,Mil People,Mil People,Mil People,Mil People,Mil People,Mil People,Mil People,Mil People,Mil People,Mil People
,Base,FS_ALB_2030,FS_ALB_2050,FS_SM_2030,FS_SM_2050,FW_ALB_2030,FW_ALB_2050,FW_SM_2030,FW_SM_2050,FWS_ALB_2030,FWS_ALB_2050,FWS_SM_2030,FWS_SM_2050
 2019,          68,21,          68,21,          68,21,          68,21,          68,21,          68,21,          68,21,          68,21,          68,21,          68,21,          68,21,          68,21,          68,21
 2020,          66,51,          66,52,          66,52,          66,52,          66,52,          66,52,          66,52,          66,52,          66,52,          66,52,          66,52,          66,52,          66,52
 2021,          64,10,          60,98,          62,78,          61,13,          62,89,          63,36,          63,80,          63,33,          63,72,          60,30,          62,48,          60,36,          62,53
 2022,          60,88,          55,35,          58,68,          55,79,          59,15,          59,51,          60,30,          59,56,          60,34,          54,09,          58,12,          54,57,          58,61
 2023,          57,23,          50,50,          55,10,          50,52,          55,04,          55,60,          56,71,          55,57,          56,66,          49,09,          54,61,          49,08,          54,51
 2024,          54,48,          46,46,          52,13,          46,28,          51,77,          52,55,          53,95,          52,45,          53,82,          44,88,          51,63,          44,65,          51,17
 2025,          52,79,          43,55,          50,27,          43,19,          49,54,          50,55,          52,25,          50,41,          52,04,          41,82,          49,76,          41,40,          48,88
 2026,          51,36,          40,99,          48,61,          40,56,          47,63,          48,82,          50,78,          48,65,          50,52,          39,14,          48,08,          38,63,          46,91
 2027,          50,12,          38,66,          47,10,          38,23,          45,94,          47,26,          49,46,          47,09,          49,18,          36,69,          46,51,          36,20,          45,15
 2028,          48,91,          36,46,          45,65,          36,08,          44,32,          45,73,          48,19,          45,54,          47,88,          34,40,          45,02,          33,97,          43,47
 2029,          47,59,          34,35,          44,12,          34,07,          42,69,          44,14,          46,83,          43,95,          46,48,          32,24,          43,46,          31,92,          41,79
 2030,          46,27,          32,39,          42,62,          32,22,          41,11,          42,58,          45,46,          42,40,          45,09,          30,26,          41,94,          30,07,          40,17
 2031,          45,00,          30,61,          41,20,          30,58,          39,61,          41,10,          44,16,          40,93,          43,76,          28,49,          40,50,          28,45,          38,64
 2032,          43,83,          30,17,          39,88,          30,07,          38,25,          40,15,          42,96,          39,93,          42,54,          28,14,          39,17,          28,05,          37,27
 2033,          42,71,          29,72,          38,64,          29,61,          36,99,          39,23,          41,82,          39,00,          41,38,          27,79,          37,92,          27,69,          35,99
 2034,          41,65,          29,29,          37,47,          29,16,          35,81,          38,36,          40,74,          38,11,          40,28,          27,46,          36,74,          27,34,          34,80
 2035,          40,60,          28,86,          36,32,          28,72,          34,67,          37,48,          39,67,          37,22,          39,20,          27,12,          35,60,          26,98,          33,67
 2036,          39,55,          28,42,          35,21,          28,26,          33,58,          36,62,          38,61,          36,33,          38,13,          26,77,          34,48,          26,61,          32,58
 2037,          38,51,          27,97,          34,12,          27,80,          32,52,          35,74,          37,55,          35,44,          37,07,          26,41,          33,39,          26,22,          31,53
 2038,          37,47,          27,51,          33,05,          27,33,          31,50,          34,87,          36,50,          34,54,          36,03,          26,04,          32,32,          25,83,          30,52
 2039,          36,44,          27,04,          32,00,          26,85,          30,51,          33,99,          35,46,          33,66,          34,99,          25,65,          31,27,          25,42,          29,54
 2040,          35,41,          26,57,          30,97,          26,36,          29,55,          33,12,          34,42,          32,77,          33,97,          25,26,          30,25,          25,00,          28,60
 2041,          34,37,          26,07,          29,95,          25,85,          28,60,          32,24,          33,39,          31,88,          32,94,          24,84,          29,23,          24,57,          27,68
 2042,          33,35,          25,56,          28,93,          25,33,          27,69,          31,36,          32,35,          30,98,          31,93,          24,41,          28,22,          24,11,          26,79
 2043,          32,32,          25,04,          27,94,          24,80,          26,79,          30,47,          31,33,          30,08,          30,91,          23,96,          27,23,          23,65,          25,92
 2044,          31,28,          24,50,          26,95,          24,26,          25,91,          29,57,          30,29,          29,17,          29,90,          23,49,          26,25,          23,17,          25,07
 2045,          30,25,          23,96,          25,98,          23,71,          25,06,          28,67,          29,27,          28,27,          28,90,          23,02,          25,30,          22,68,          24,25
 2046,          29,24,          23,40,          25,04,          23,16,          24,24,          27,78,          28,27,          27,39,          27,93,          22,52,          24,36,          22,18,          23,45
 2047,          28,26,          22,85,          24,12,          22,60,          23,45,          26,90,          27,30,          26,51,          26,97,          22,02,          23,45,          21,67,          22,68
 2048,          27,30,          22,28,          23,22,          22,03,          22,67,          26,03,          26,33,          25,64,          26,03,          21,50,          22,55,          21,15,          21,92
 2049,          26,34,          21,72,          22,34,          21,47,          21,91,          25,17,          25,39,          24,79,          25,11,          20,98,          21,68,          20,62,          21,18
 2050,          25,41,          21,14,          21,48,          20,89,          21,17,          24,32,          24,46,          23,94,          24,20,          20,45,          20,83,          20,10,          20,47
 2051,          24,51,          20,58,          20,67,          20,33,          20,48,          23,50,          23,57,          23,13,          23,33,          19,94,          20,04,          19,58,          19,80
 2052,          23,64,          20,04,          20,17,          19,79,          19,94,          22,71,          22,78,          22,35,          22,53,          19,44,          19,58,          19,08,          19,29
 2053,          22,81,          19,51,          19,62,          19,26,          19,40,          21,96,          22,02,          21,61,          21,78,          18,95,          19,07,          18,59,          18,79
 2054,          22,02,          19,00,          19,11,          18,75,          18,88,          21,23,          21,30,          20,90,          21,06,          18,47,          18,59,          18,11,          18,30
 2055,          21,27,          18,50,          18,60,          18,25,          18,38,          20,54,          20,60,          20,22,          20,37,          18,01,          18,13,          17,65,          17,84
 2056,          20,56,          18,02,          18,12,          17,78,          17,90,          19,89,          19,95,          19,58,          19,72,          17,57,          17,68,          17,21,          17,39
 2057,          19,88,          17,56,          17,66,          17,32,          17,44,          19,27,          19,32,          18,97,          19,10,          17,15,          17,25,          16,79,          16,96
 2058,          19,25,          17,13,          17,22,          16,89,          17,00,          18,69,          18,73,          18,39,          18,52,          16,74,          16,85,          16,39,          16,55
 2059,          18,64,          16,71,          16,80,          16,48,          16,58,          18,13,          18,18,          17,85,          17,97,          16,36,          16,46,          16,01,          16,17
 2060,          18,07,          16,32,          16,40,          16,09,          16,19,          17,60,          17,65,          17,33,          17,45,          15,99,          16,08,          15,65,          15,80
 2061,          17,54,          15,94,          16,02,          15,72,          15,81,          17,11,          17,15,          16,85,          16,96,          15,64,          15,73,          15,31,          15,45
 2062,          17,03,          15,58,          15,66,          15,37,          15,46,          16,64,          16,68,          16,39,          16,49,          15,31,          15,40,          14,99,          15,13
 2063,          16,55,          15,25,          15,32,          15,04,          15,12,          16,20,          16,23,          15,97,          16,06,          15,00,          15,08,          14,69,          14,82
 2064,          16,10,          14,93,          15,00,          14,72,          14,81,          15,78,          15,81,          15,56,          15,65,          14,70,          14,78,          14,41,          14,53
 2065,          15,67,          14,63,          14,69,          14,43,          14,51,          15,39,          15,42,          15,18,          15,27,          14,42,          14,49,          14,13,          14,25
 2066,          15,27,          14,33,          14,40,          14,14,          14,22,          15,01,          15,04,          14,82,          14,90,          14,15,          14,22,          13,87,          13,98
 2067,          14,89,          14,05,          14,11,          13,86,          13,94,          14,65,          14,68,          14,47,          14,54,          13,88,          13,95,          13,60,          13,72
 2068,          14,52,          13,77,          13,84,          13,59,          13,66,          14,30,          14,33,          14,13,          14,20,          13,61,          13,69,          13,35,          13,46
 2069,          14,16,          13,50,          13,56,          13,32,          13,39,          13,96,          13,99,          13,80,          13,87,          13,35,          13,42,          13,09,          13,20
 2070,          13,85,          13,22,          13,29,          13,05,          13,13,          13,66,          13,69,          13,51,          13,58,          13,09,          13,17,          12,84,          12,95
 2071,          13,55,          12,96,          13,03,          12,79,          12,87,          13,38,          13,41,          13,23,          13,30,          12,83,          12,91,          12,58,          12,70
 2072,          13,25,          12,69,          12,76,          12,53,          12,61,          13,09,          13,13,          12,95,          13,01,          12,57,          12,66,          12,33,          12,45
 2073,          12,96,          12,43,          12,50,          12,26,          12,34,          12,80,          12,83,          12,67,          12,73,          12,32,          12,40,          12,07,          12,19
 2074,          12,66,          12,16,          12,23,          12,00,          12,08,          12,52,          12,55,          12,38,          12,45,          12,05,          12,14,          11,81,          11,93
 2075,          12,37,          11,89,          11,96,          11,73,          11,81,          12,23,          12,26,          12,10,          12,16,          11,79,          11,88,          11,55,          11,67
 2076,          12,08,          11,62,          11,69,          11,46,          11,54,          11,94,          11,97,          11,82,          11,88,          11,52,          11,61,          11,28,          11,41
 2077,          11,78,          11,34,          11,42,          11,19,          11,27,          11,66,          11,69,          11,53,          11,59,          11,25,          11,34,          11,02,          11,14
 2078,          11,48,          11,07,          11,14,          10,92,          11,00,          11,37,          11,40,          11,25,          11,31,          10,99,          11,07,          10,76,          10,88
 2079,          11,19,          10,80,          10,87,          10,65,          10,73,          11,08,          11,11,          10,96,          11,02,          10,72,          10,80,          10,50,          10,61
 2080,          10,90,          10,53,          10,60,          10,38,          10,46,          10,80,          10,82,          10,69,          10,74,          10,45,          10,54,          10,25,          10,35
 2081,          10,61,          10,26,          10,33,          10,13,          10,20,          10,52,          10,54,          10,42,          10,47,          10,20,          10,27,          10,01,          10,10
 2082,          10,34,          10,01,          10,07,          9,885,          9,953,          10,25,          10,27,          10,16,          10,20,          9,945,          10,03,          9,771,          9,863
 2083,          10,07,          9,767,          9,828,          9,650,          9,714,          9,990,          10,02,          9,906,          9,950,          9,713,          9,779,          9,547,          9,631
 2084,          9,822,          9,535,          9,592,          9,424,          9,485,          9,744,          9,768,          9,668,          9,708,          9,479,          9,549,          9,324,          9,406
 2085,          9,581,          9,311,          9,366,          9,202,          9,264,          9,509,          9,535,          9,436,          9,475,          9,260,          9,329,          9,106,          9,185
 2086,          9,351,          9,093,          9,146,          8,986,          9,047,          9,282,          9,302,          9,211,          9,249,          9,044,          9,109,          8,894,          8,970
 2087,          9,128,          8,881,          8,933,          8,778,          8,837,          9,062,          9,084,          8,993,          9,030,          8,834,          8,895,          8,689,          8,762
 2088,          8,913,          8,676,          8,727,          8,577,          8,634,          8,850,          8,871,          8,782,          8,819,          8,632,          8,693,          8,492,          8,562
 2089,          8,707,          8,481,          8,529,          8,385,          8,440,          8,650,          8,667,          8,581,          8,616,          8,438,          8,497,          8,304,          8,370
 2090,          8,507,          8,292,          8,338,          8,201,          8,254,          8,451,          8,470,          8,387,          8,420,          8,255,          8,308,          8,124,          8,189
 2091,          8,316,          8,111,          8,155,          8,024,          8,074,          8,261,          8,280,          8,200,          8,232,          8,071,          8,126,          7,951,          8,012
 2092,          8,131,          7,935,          7,977,          7,854,          7,902,          8,080,          8,097,          8,021,          8,051,          7,900,          7,951,          7,784,          7,842
 2093,          7,953,          7,766,          7,806,          7,689,          7,736,          7,907,          7,921,          7,847,          7,876,          7,733,          7,781,          7,622,          7,678
 2094,          7,774,          7,597,          7,635,          7,528,          7,568,          7,727,          7,744,          7,673,          7,701,          7,567,          7,612,          7,459,          7,513
 2095,          7,601,          7,431,          7,468,          7,367,          7,406,          7,561,          7,573,          7,505,          7,532,          7,400,          7,446,          7,300,          7,352
 2096,          7,434,          7,271,          7,307,          7,210,          7,248,          7,390,          7,407,          7,341,          7,367,          7,243,          7,286,          7,145,          7,196
 2097,          7,270,          7,114,          7,149,          7,056,          7,093,          7,231,          7,245,          7,181,          7,207,          7,089,          7,130,          6,992,          7,043
 2098,          7,111,          6,961,          6,995,          6,904,          6,942,          7,073,          7,087,          7,025,          7,050,          6,933,          6,976,          6,844,          6,892
 2099,          6,957,          6,811,          6,845,          6,758,          6,794,          6,920,          6,934,          6,873,          6,897,          6,788,          6,827,          6,699,          6,747
 2100,          6,805,          6,664,          6,697,          6,614,          6,650,          6,769,          6,783,          6,724,          6,748,          6,639,          6,681,          6,558,          6,604
